{
  "z_score": -0.7794427043103493,
  "p_value": 0.7821405118451741,
  "effective_trials": 5.919597947007736
}