{
  "cycles": 45,
  "sharpe_mean": -0.0010193555801342735,
  "sharpe_median": 0.0,
  "sharpe_iqr": 0.00164235032328445,
  "sortino_mean": Infinity,
  "calmar_mean": 0.07017006756275336,
  "max_drawdown_min": -0.04540707640500111,
  "turnover_mean": 31.77777777777778,
  "expectancy_mean": -2.507468727240784e-07,
  "slippage_budget_used": 0.0,
  "total_return": -0.03962227414879316,
  "equity_final": 0.9603777258512068,
  "effective_trials": 5.919597947007736,
  "white_rc_p": 0.7502497502497503,
  "spa_p": 0.267
}