{
  "p_value": 0.7502497502497503,
  "survivors": {
    "0": 5.786477263961311e-05,
    "3": 2.4801618942348713e-09,
    "4": 1.823097354290463e-07,
    "6": 0.00011014667212660033
  },
  "strategies": [
    "ma_fast",
    "ma_medium",
    "ma_slow",
    "ES_PPO_LSTM",
    "NQ_SAC",
    "GC_TD3",
    "ES_LogReg"
  ]
}