{
  "z_score": -0.7794435166501047,
  "p_value": 0.7821407510246836,
  "effective_trials": 5.920496677946513
}