{
  "p_value": 0.6933066933066933,
  "survivors": {
    "0": 5.786477263961311e-05,
    "5": 1.8572454181347128e-05,
    "6": 0.00011014667212660033
  },
  "strategies": [
    "ma_fast",
    "ma_medium",
    "ma_slow",
    "ES_PPO_LSTM",
    "NQ_SAC",
    "GC_TD3",
    "ES_LogReg"
  ]
}