{
  "p_value": 0.21678321678321677,
  "survivors": {
    "0": 5.947412809395098e-05
  },
  "strategies": [
    "ES_LogReg"
  ]
}