{
  "z_score": -2.610325823798961,
  "p_value": 0.995477198889084,
  "effective_trials": 2.667414736363011
}