{
  "p_value": 1.0,
  "survivors": {
    "0": -4.588586447255431,
    "1": -2.980525690489213,
    "2": -2.572081279669803
  },
  "strategies": [
    "ma_fast",
    "ma_medium",
    "ma_slow"
  ]
}