{
  "z_score": 0.5017204229417538,
  "p_value": 0.3079320982003354,
  "effective_trials": 5.466994716264867
}