{
  "z_score": -2.894459634194257,
  "p_value": 0.9981009412991911,
  "effective_trials": 2.51971948575733
}