{
  "p_value": 1.0,
  "survivors": {
    "0": -4.375165123868448,
    "1": -3.1581846856222064,
    "2": -2.852467669464898
  },
  "strategies": [
    "ma_fast",
    "ma_medium",
    "ma_slow"
  ]
}