{
  "z_score": -1.6721446571515286,
  "p_value": 0.9527520997703981,
  "effective_trials": 5.12335053645399
}