{
  "p_value": 0.5114885114885115,
  "survivors": {
    "0": 0.00011569243943671167,
    "1": 8.490518275064625e-05,
    "4": 9.795094311376718e-07
  },
  "strategies": [
    "ma_fast",
    "ma_medium",
    "ma_slow",
    "ES_PPO_LSTM",
    "NQ_SAC",
    "GC_TD3",
    "ES_LogReg"
  ]
}