{
  "p_value": 0.23976023976023977,
  "survivors": {
    "0": 5.947412809395098e-05
  },
  "strategies": [
    "ES_LogReg"
  ]
}