{
  "z_score": -1.8798284962041671,
  "p_value": 0.9699342722743235,
  "effective_trials": 5.490232184031184
}