{
  "z_score": 0.7829896749015864,
  "p_value": 0.21681658764849132,
  "effective_trials": 5.448438754459255
}