{
  "p_value": 0.5344655344655345,
  "survivors": {
    "0": 7.145406967390655e-05,
    "1": 4.055605751250127e-06,
    "2": 4.6955930678713105e-05,
    "4": 9.063271694499943e-07
  },
  "strategies": [
    "ma_fast",
    "ma_medium",
    "ma_slow",
    "ES_PPO_LSTM",
    "NQ_SAC",
    "GC_TD3",
    "ES_LogReg"
  ]
}