{
  "z_score": 2.230720696870002,
  "p_value": 0.012849817899446392,
  "effective_trials": 1.9643169575532018
}