{
  "p_value": 0.03496503496503497,
  "survivors": {
    "0": 0.00039367892146982157,
    "1": 0.0001547904781229628
  },
  "strategies": [
    "ma_fast",
    "ma_medium",
    "ma_slow"
  ]
}