{
  "z_score": 1.1527291585625468,
  "p_value": 0.12451078465906229
}