{
  "p_value": 0.12935323383084577,
  "survivors": {
    "0": 0.0003309401719458213,
    "1": 0.0006420002334243644,
    "2": 0.0002973691682463063
  },
  "strategies": [
    "ma_fast",
    "ma_medium",
    "ma_slow"
  ]
}