{
  "z_score": 0.6197002352117785,
  "p_value": 0.267727580398196,
  "effective_trials": 1.0
}