{
  "p_value": 0.23176823176823177,
  "survivors": {
    "0": 5.947412809395098e-05
  },
  "strategies": [
    "ES_LogReg"
  ]
}