{
  "z_score": 0.2313732797969909,
  "p_value": 0.4085124108234024,
  "effective_trials": 6.087276333205444
}