{
  "p_value": 0.43656343656343655,
  "survivors": {
    "0": 0.00011596882977529033,
    "1": 3.5384203425229534e-05,
    "2": 0.0001371091793887509
  },
  "strategies": [
    "ma_fast",
    "ma_medium",
    "ma_slow",
    "ES_PPO_LSTM",
    "NQ_SAC",
    "GC_TD3",
    "ES_LogReg"
  ]
}